"       עלויות דגמי מכשיר ליסינג","","","","","","","","","","","           העלות לרכישת מכשיר סלולר, במקרה של עד 6 חודשים מהצטרפות למכרז","","","","","","           העלות לרכישת מכשיר סלולר, בהתאם ליתרת החודשים עד לסיום תקופת הליסינג     ","","","","","","","","","","","","","","","","",""
"","יצרן","דגם מכשיר","","","","","שיוך מכשיר למדרגת מחיר לחישוב השתתפות עצמית","Test","","   הערות","24","23","22","21","20","19","18","17","16","15","14","13","12","11","10","9","8","7","6","5","4","3","2","1"
"1","APPLE","iPhone 16 pro max","256"," ₪83.99"," ₪1,747.62"," ₪4,599.00","עד 5,000 ₪","","19/05/2026",""," ₪4,599.00"," ₪4,515.01"," ₪4,431.02"," ₪4,347.03"," ₪4,263.04"," ₪4,179.05"," ₪3,060.36"," ₪2,987.43"," ₪2,914.50"," ₪2,841.57"," ₪2,768.64"," ₪2,695.71"," ₪2,622.78"," ₪2,549.85"," ₪2,476.92"," ₪2,403.99"," ₪2,331.06"," ₪2,258.13"," ₪2,185.20"," ₪2,112.27"," ₪2,039.34"," ₪1,966.41"," ₪1,893.48"," ₪1,820.55"
"2","APPLE","iPhone 16 pro max","512"," ₪91.03"," ₪1,994.62"," ₪5,249.00","מעל 5,000 ₪","","19/05/2026",""," ₪5,249.00"," ₪5,157.97"," ₪5,066.94"," ₪4,975.91"," ₪4,884.88"," ₪4,793.85"," ₪3,434.08"," ₪3,354.11"," ₪3,274.14"," ₪3,194.17"," ₪3,114.20"," ₪3,034.23"," ₪2,954.26"," ₪2,874.29"," ₪2,794.32"," ₪2,714.35"," ₪2,634.38"," ₪2,554.41"," ₪2,474.44"," ₪2,394.47"," ₪2,314.50"," ₪2,234.53"," ₪2,154.56"," ₪2,074.59"
"3","APPLE","iPhone 17","256"," ₪70.89"," ₪1,287.92"," ₪3,389.25","עד 3,500 ₪","","01/07/2026",""," ₪3,389.25"," ₪3,318.36"," ₪3,247.47"," ₪3,176.58"," ₪3,105.69"," ₪3,034.80"," ₪2,364.86"," ₪2,305.03"," ₪2,245.20"," ₪2,185.37"," ₪2,125.54"," ₪2,065.71"," ₪2,005.88"," ₪1,946.05"," ₪1,886.22"," ₪1,826.39"," ₪1,766.56"," ₪1,706.73"," ₪1,646.90"," ₪1,587.07"," ₪1,527.24"," ₪1,467.41"," ₪1,407.58"," ₪1,347.75"
"4","APPLE","iPhone 17","512"," ₪79.56"," ₪1,591.92"," ₪4,189.25","עד 5,000 ₪","","01/07/2026",""," ₪4,189.25"," ₪4,109.69"," ₪4,030.13"," ₪3,950.57"," ₪3,871.01"," ₪3,791.45"," ₪2,824.92"," ₪2,756.42"," ₪2,687.92"," ₪2,619.42"," ₪2,550.92"," ₪2,482.42"," ₪2,413.92"," ₪2,345.42"," ₪2,276.92"," ₪2,208.42"," ₪2,139.92"," ₪2,071.42"," ₪2,002.92"," ₪1,934.42"," ₪1,865.92"," ₪1,797.42"," ₪1,728.92"," ₪1,660.42"
"5","APPLE","iPhone 17e","256"," ₪60.89"," ₪937.08"," ₪2,466.00","עד 3,500 ₪","","01/07/2026",""," ₪2,466.00"," ₪2,405.11"," ₪2,344.22"," ₪2,283.33"," ₪2,222.44"," ₪2,161.55"," ₪1,834.02"," ₪1,784.19"," ₪1,734.36"," ₪1,684.53"," ₪1,634.70"," ₪1,584.87"," ₪1,535.04"," ₪1,485.21"," ₪1,435.38"," ₪1,385.55"," ₪1,335.72"," ₪1,285.89"," ₪1,236.06"," ₪1,186.23"," ₪1,136.40"," ₪1,086.57"," ₪1,036.74"," ₪986.91"
"6","APPLE","iPhone 17e","512"," ₪67.81"," ₪1,179.71"," ₪3,104.50","עד 3,500 ₪","","01/07/2026",""," ₪3,104.50"," ₪3,036.69"," ₪2,968.88"," ₪2,901.07"," ₪2,833.26"," ₪2,765.45"," ₪2,201.21"," ₪2,144.46"," ₪2,087.71"," ₪2,030.96"," ₪1,974.21"," ₪1,917.46"," ₪1,860.71"," ₪1,803.96"," ₪1,747.21"," ₪1,690.46"," ₪1,633.71"," ₪1,576.96"," ₪1,520.21"," ₪1,463.46"," ₪1,406.71"," ₪1,349.96"," ₪1,293.21"," ₪1,236.46"
"7","APPLE","iPhone 17 Air","256"," ₪65.48"," ₪1,097.92"," ₪2,889.25","עד 3,500 ₪","","01/07/2026",""," ₪2,889.25"," ₪2,823.77"," ₪2,758.29"," ₪2,692.81"," ₪2,627.33"," ₪2,561.85"," ₪2,077.48"," ₪2,023.06"," ₪1,968.64"," ₪1,914.22"," ₪1,859.80"," ₪1,805.38"," ₪1,750.96"," ₪1,696.54"," ₪1,642.12"," ₪1,587.70"," ₪1,533.28"," ₪1,478.86"," ₪1,424.44"," ₪1,370.02"," ₪1,315.60"," ₪1,261.18"," ₪1,206.76"," ₪1,152.34"
"8","APPLE","iPhone 17 Pro","256"," ₪80.45"," ₪1,623.27"," ₪4,271.75","עד 5,000 ₪","","01/07/2026",""," ₪4,271.75"," ₪4,191.30"," ₪4,110.85"," ₪4,030.40"," ₪3,949.95"," ₪3,869.50"," ₪2,872.29"," ₪2,802.90"," ₪2,733.51"," ₪2,664.12"," ₪2,594.73"," ₪2,525.34"," ₪2,455.95"," ₪2,386.56"," ₪2,317.17"," ₪2,247.78"," ₪2,178.39"," ₪2,109.00"," ₪2,039.61"," ₪1,970.22"," ₪1,900.83"," ₪1,831.44"," ₪1,762.05"," ₪1,692.66"
"9","APPLE","iPhone 17 Pro","512"," ₪89.63"," ₪1,945.32"," ₪5,119.25","מעל 5,000 ₪","","01/07/2026",""," ₪5,119.25"," ₪5,029.62"," ₪4,939.99"," ₪4,850.36"," ₪4,760.73"," ₪4,671.10"," ₪3,359.58"," ₪3,281.01"," ₪3,202.44"," ₪3,123.87"," ₪3,045.30"," ₪2,966.73"," ₪2,888.16"," ₪2,809.59"," ₪2,731.02"," ₪2,652.45"," ₪2,573.88"," ₪2,495.31"," ₪2,416.74"," ₪2,338.17"," ₪2,259.60"," ₪2,181.03"," ₪2,102.46"," ₪2,023.89"
"10","APPLE","iPhone 17 Pro","1024"," ₪98.44"," ₪2,254.07"," ₪5,931.75","מעל 5,000 ₪","","01/07/2026",""," ₪5,931.75"," ₪5,833.31"," ₪5,734.87"," ₪5,636.43"," ₪5,537.99"," ₪5,439.55"," ₪3,826.91"," ₪3,739.53"," ₪3,652.15"," ₪3,564.77"," ₪3,477.39"," ₪3,390.01"," ₪3,302.63"," ₪3,215.25"," ₪3,127.87"," ₪3,040.49"," ₪2,953.11"," ₪2,865.73"," ₪2,778.35"," ₪2,690.97"," ₪2,603.59"," ₪2,516.21"," ₪2,428.83"," ₪2,341.45"
"11","APPLE","iPhone 17 Pro Max","256"," ₪84.76"," ₪1,774.32"," ₪4,669.25","עד 5,000 ₪","","01/07/2026",""," ₪4,669.25"," ₪4,584.49"," ₪4,499.73"," ₪4,414.97"," ₪4,330.21"," ₪4,245.45"," ₪3,100.92"," ₪3,027.22"," ₪2,953.52"," ₪2,879.82"," ₪2,806.12"," ₪2,732.42"," ₪2,658.72"," ₪2,585.02"," ₪2,511.32"," ₪2,437.62"," ₪2,363.92"," ₪2,290.22"," ₪2,216.52"," ₪2,142.82"," ₪2,069.12"," ₪1,995.42"," ₪1,921.72"," ₪1,848.02"
"12","APPLE","iPhone 17 Pro Max","512"," ₪93.97"," ₪2,097.32"," ₪5,519.25","מעל 5,000 ₪","","01/07/2026",""," ₪5,519.25"," ₪5,425.28"," ₪5,331.31"," ₪5,237.34"," ₪5,143.37"," ₪5,049.40"," ₪3,589.70"," ₪3,506.79"," ₪3,423.88"," ₪3,340.97"," ₪3,258.06"," ₪3,175.15"," ₪3,092.24"," ₪3,009.33"," ₪2,926.42"," ₪2,843.51"," ₪2,760.60"," ₪2,677.69"," ₪2,594.78"," ₪2,511.87"," ₪2,428.96"," ₪2,346.05"," ₪2,263.14"," ₪2,180.23"
"13","APPLE","iPhone 17 Pro Max","1024"," ₪102.49"," ₪2,396.28"," ₪6,306.00","מעל 5,000 ₪","","01/07/2026",""," ₪6,306.00"," ₪6,203.51"," ₪6,101.02"," ₪5,998.53"," ₪5,896.04"," ₪5,793.55"," ₪4,042.02"," ₪3,950.59"," ₪3,859.16"," ₪3,767.73"," ₪3,676.30"," ₪3,584.87"," ₪3,493.44"," ₪3,402.01"," ₪3,310.58"," ₪3,219.15"," ₪3,127.72"," ₪3,036.29"," ₪2,944.86"," ₪2,853.43"," ₪2,762.00"," ₪2,670.57"," ₪2,579.14"," ₪2,487.71"
"1","SAMSUNG","Galaxy A37 5G","128"," ₪55.51"," ₪365.82"," ₪1,306.50","עד 2,000 ₪","","01/07/2026",""," ₪1,306.50"," ₪1,250.99"," ₪1,195.48"," ₪1,139.97"," ₪1,084.46"," ₪1,028.95"," ₪1,165.92"," ₪1,121.47"," ₪1,077.02"," ₪1,032.57"," ₪988.12"," ₪943.67"," ₪899.22"," ₪854.77"," ₪810.32"," ₪765.87"," ₪721.42"," ₪676.97"," ₪632.52"," ₪588.07"," ₪543.62"," ₪499.17"," ₪454.72"," ₪410.27"
"2","SAMSUNG","Galaxy A57 5G","256"," ₪63.27"," ₪498.89"," ₪1,781.75","עד 2,000 ₪","","01/07/2026",""," ₪1,781.75"," ₪1,718.48"," ₪1,655.21"," ₪1,591.94"," ₪1,528.67"," ₪1,465.40"," ₪1,438.67"," ₪1,386.46"," ₪1,334.25"," ₪1,282.04"," ₪1,229.83"," ₪1,177.62"," ₪1,125.41"," ₪1,073.20"," ₪1,020.99"," ₪968.78"," ₪916.57"," ₪864.36"," ₪812.15"," ₪759.94"," ₪707.73"," ₪655.52"," ₪603.31"," ₪551.10"
"3","SAMSUNG","Galaxy S25","256"," ₪75.37"," ₪706.25"," ₪2,522.33","עד 3,500 ₪","","01/07/2026",""," ₪2,522.33"," ₪2,446.96"," ₪2,371.59"," ₪2,296.22"," ₪2,220.85"," ₪2,145.48"," ₪1,863.83"," ₪1,799.52"," ₪1,735.21"," ₪1,670.90"," ₪1,606.59"," ₪1,542.28"," ₪1,477.97"," ₪1,413.66"," ₪1,349.35"," ₪1,285.04"," ₪1,220.73"," ₪1,156.42"," ₪1,092.11"," ₪1,027.80"," ₪963.49"," ₪899.18"," ₪834.87"," ₪770.56"
"4","SAMSUNG","Galaxy S25 FE","256"," ₪70.20"," ₪617.68"," ₪2,206.00","עד 3,500 ₪","","01/07/2026",""," ₪2,206.00"," ₪2,135.80"," ₪2,065.60"," ₪1,995.40"," ₪1,925.20"," ₪1,855.00"," ₪1,682.20"," ₪1,623.06"," ₪1,563.92"," ₪1,504.78"," ₪1,445.64"," ₪1,386.50"," ₪1,327.36"," ₪1,268.22"," ₪1,209.08"," ₪1,149.94"," ₪1,090.80"," ₪1,031.66"," ₪972.52"," ₪913.38"," ₪854.24"," ₪795.10"," ₪735.96"," ₪676.82"
"5","SAMSUNG","Galaxy S25 Edge","256"," ₪75.91"," ₪715.59"," ₪2,555.67","עד 3,500 ₪","","01/07/2026",""," ₪2,555.67"," ₪2,479.76"," ₪2,403.85"," ₪2,327.94"," ₪2,252.03"," ₪2,176.12"," ₪1,882.89"," ₪1,818.04"," ₪1,753.19"," ₪1,688.34"," ₪1,623.49"," ₪1,558.64"," ₪1,493.79"," ₪1,428.94"," ₪1,364.09"," ₪1,299.24"," ₪1,234.39"," ₪1,169.54"," ₪1,104.69"," ₪1,039.84"," ₪974.99"," ₪910.14"," ₪845.29"," ₪780.44"
"6","SAMSUNG","Galaxy S25 Edge","512"," ₪76.46"," ₪725.01"," ₪2,589.33","עד 3,500 ₪","","01/07/2026",""," ₪2,589.33"," ₪2,512.87"," ₪2,436.41"," ₪2,359.95"," ₪2,283.49"," ₪2,207.03"," ₪1,902.21"," ₪1,836.81"," ₪1,771.41"," ₪1,706.01"," ₪1,640.61"," ₪1,575.21"," ₪1,509.81"," ₪1,444.41"," ₪1,379.01"," ₪1,313.61"," ₪1,248.21"," ₪1,182.81"," ₪1,117.41"," ₪1,052.01"," ₪986.61"," ₪921.21"," ₪855.81"," ₪790.41"
"7","SAMSUNG","Galaxy S25 Ultra","256"," ₪89.53"," ₪949.01"," ₪3,389.33","עד 3,500 ₪","","01/07/2026",""," ₪3,389.33"," ₪3,299.80"," ₪3,210.27"," ₪3,120.74"," ₪3,031.21"," ₪2,941.68"," ₪2,361.47"," ₪2,283.00"," ₪2,204.53"," ₪2,126.06"," ₪2,047.59"," ₪1,969.12"," ₪1,890.65"," ₪1,812.18"," ₪1,733.71"," ₪1,655.24"," ₪1,576.77"," ₪1,498.30"," ₪1,419.83"," ₪1,341.36"," ₪1,262.89"," ₪1,184.42"," ₪1,105.95"," ₪1,027.48"
"8","SAMSUNG","Galaxy S25 Ultra","512"," ₪97.84"," ₪1,091.44"," ₪3,898.00","עד 5,000 ₪","","01/07/2026",""," ₪3,898.00"," ₪3,800.16"," ₪3,702.32"," ₪3,604.48"," ₪3,506.64"," ₪3,408.80"," ₪2,653.48"," ₪2,566.70"," ₪2,479.92"," ₪2,393.14"," ₪2,306.36"," ₪2,219.58"," ₪2,132.80"," ₪2,046.02"," ₪1,959.24"," ₪1,872.46"," ₪1,785.68"," ₪1,698.90"," ₪1,612.12"," ₪1,525.34"," ₪1,438.56"," ₪1,351.78"," ₪1,265.00"," ₪1,178.22"
"9","SAMSUNG","Galaxy S25 Ultra","1024"," ₪123.83"," ₪1,537.11"," ₪5,489.67","מעל 5,000 ₪","","01/07/2026",""," ₪5,489.67"," ₪5,365.84"," ₪5,242.01"," ₪5,118.18"," ₪4,994.35"," ₪4,870.52"," ₪3,566.97"," ₪3,454.20"," ₪3,341.43"," ₪3,228.66"," ₪3,115.89"," ₪3,003.12"," ₪2,890.35"," ₪2,777.58"," ₪2,664.81"," ₪2,552.04"," ₪2,439.27"," ₪2,326.50"," ₪2,213.73"," ₪2,100.96"," ₪1,988.19"," ₪1,875.42"," ₪1,762.65"," ₪1,649.88"
"10","SAMSUNG","Galaxy Z Flip 7","256"," ₪91.89"," ₪989.52"," ₪3,534.00","עד 5,000 ₪","","01/07/2026",""," ₪3,534.00"," ₪3,442.11"," ₪3,350.22"," ₪3,258.33"," ₪3,166.44"," ₪3,074.55"," ₪2,444.46"," ₪2,363.63"," ₪2,282.80"," ₪2,201.97"," ₪2,121.14"," ₪2,040.31"," ₪1,959.48"," ₪1,878.65"," ₪1,797.82"," ₪1,716.99"," ₪1,636.16"," ₪1,555.33"," ₪1,474.50"," ₪1,393.67"," ₪1,312.84"," ₪1,232.01"," ₪1,151.18"," ₪1,070.35"
"11","SAMSUNG","Galaxy Z Flip 7","512"," ₪99.01"," ₪1,111.60"," ₪3,970.00","עד 5,000 ₪","","01/07/2026",""," ₪3,970.00"," ₪3,870.99"," ₪3,771.98"," ₪3,672.97"," ₪3,573.96"," ₪3,474.95"," ₪2,694.70"," ₪2,606.75"," ₪2,518.80"," ₪2,430.85"," ₪2,342.90"," ₪2,254.95"," ₪2,167.00"," ₪2,079.05"," ₪1,991.10"," ₪1,903.15"," ₪1,815.20"," ₪1,727.25"," ₪1,639.30"," ₪1,551.35"," ₪1,463.40"," ₪1,375.45"," ₪1,287.50"," ₪1,199.55"
"12","SAMSUNG","Galaxy Z Fold 7","256"," ₪142.02"," ₪1,848.93"," ₪6,603.33","מעל 5,000 ₪","","01/07/2026",""," ₪6,603.33"," ₪6,461.31"," ₪6,319.29"," ₪6,177.27"," ₪6,035.25"," ₪5,893.23"," ₪4,206.21"," ₪4,075.25"," ₪3,944.29"," ₪3,813.33"," ₪3,682.37"," ₪3,551.41"," ₪3,420.45"," ₪3,289.49"," ₪3,158.53"," ₪3,027.57"," ₪2,896.61"," ₪2,765.65"," ₪2,634.69"," ₪2,503.73"," ₪2,372.77"," ₪2,241.81"," ₪2,110.85"," ₪1,979.89"
"13","SAMSUNG","Galaxy Z Fold 7","512"," ₪146.39"," ₪1,923.74"," ₪6,870.50","מעל 5,000 ₪","","01/07/2026",""," ₪6,870.50"," ₪6,724.11"," ₪6,577.72"," ₪6,431.33"," ₪6,284.94"," ₪6,138.55"," ₪4,359.68"," ₪4,224.35"," ₪4,089.02"," ₪3,953.69"," ₪3,818.36"," ₪3,683.03"," ₪3,547.70"," ₪3,412.37"," ₪3,277.04"," ₪3,141.71"," ₪3,006.38"," ₪2,871.05"," ₪2,735.72"," ₪2,600.39"," ₪2,465.06"," ₪2,329.73"," ₪2,194.40"," ₪2,059.07"
"14","SAMSUNG","Galaxy S26","256"," ₪78.92"," ₪767.06"," ₪2,739.50","עד 3,500 ₪","","01/07/2026",""," ₪2,739.50"," ₪2,660.58"," ₪2,581.66"," ₪2,502.74"," ₪2,423.82"," ₪2,344.90"," ₪1,988.54"," ₪1,920.68"," ₪1,852.82"," ₪1,784.96"," ₪1,717.10"," ₪1,649.24"," ₪1,581.38"," ₪1,513.52"," ₪1,445.66"," ₪1,377.80"," ₪1,309.94"," ₪1,242.08"," ₪1,174.22"," ₪1,106.36"," ₪1,038.50"," ₪970.64"," ₪902.78"," ₪834.92"
"15","SAMSUNG","Galaxy S26","512"," ₪86.45"," ₪896.14"," ₪3,200.50","עד 3,500 ₪","","01/07/2026",""," ₪3,200.50"," ₪3,114.05"," ₪3,027.60"," ₪2,941.15"," ₪2,854.70"," ₪2,768.25"," ₪2,253.16"," ₪2,177.77"," ₪2,102.38"," ₪2,026.99"," ₪1,951.60"," ₪1,876.21"," ₪1,800.82"," ₪1,725.43"," ₪1,650.04"," ₪1,574.65"," ₪1,499.26"," ₪1,423.87"," ₪1,348.48"," ₪1,273.09"," ₪1,197.70"," ₪1,122.31"," ₪1,046.92"," ₪971.53"
"16","SAMSUNG","Galaxy S26 Plus","256"," ₪87.41"," ₪912.52"," ₪3,259.00","עד 3,500 ₪","","01/07/2026",""," ₪3,259.00"," ₪3,171.59"," ₪3,084.18"," ₪2,996.77"," ₪2,909.36"," ₪2,821.95"," ₪2,286.82"," ₪2,210.47"," ₪2,134.12"," ₪2,057.77"," ₪1,981.42"," ₪1,905.07"," ₪1,828.72"," ₪1,752.37"," ₪1,676.02"," ₪1,599.67"," ₪1,523.32"," ₪1,446.97"," ₪1,370.62"," ₪1,294.27"," ₪1,217.92"," ₪1,141.57"," ₪1,065.22"," ₪988.87"
"17","SAMSUNG","Galaxy S26 Plus","512"," ₪98.19"," ₪1,097.32"," ₪3,919.00","עד 5,000 ₪","","01/07/2026",""," ₪3,919.00"," ₪3,820.81"," ₪3,722.62"," ₪3,624.43"," ₪3,526.24"," ₪3,428.05"," ₪2,665.66"," ₪2,578.53"," ₪2,491.40"," ₪2,404.27"," ₪2,317.14"," ₪2,230.01"," ₪2,142.88"," ₪2,055.75"," ₪1,968.62"," ₪1,881.49"," ₪1,794.36"," ₪1,707.23"," ₪1,620.10"," ₪1,532.97"," ₪1,445.84"," ₪1,358.71"," ₪1,271.58"," ₪1,184.45"
"18","SAMSUNG","Galaxy S26 Ultra","256"," ₪97.16"," ₪1,079.82"," ₪3,856.50","עד 5,000 ₪","","01/07/2026",""," ₪3,856.50"," ₪3,759.34"," ₪3,662.18"," ₪3,565.02"," ₪3,467.86"," ₪3,370.70"," ₪2,629.62"," ₪2,543.52"," ₪2,457.42"," ₪2,371.32"," ₪2,285.22"," ₪2,199.12"," ₪2,113.02"," ₪2,026.92"," ₪1,940.82"," ₪1,854.72"," ₪1,768.62"," ₪1,682.52"," ₪1,596.42"," ₪1,510.32"," ₪1,424.22"," ₪1,338.12"," ₪1,252.02"," ₪1,165.92"
"19","SAMSUNG","Galaxy S26 Ultra","512"," ₪106.76"," ₪1,244.32"," ₪4,444.00","עד 5,000 ₪","","01/07/2026",""," ₪4,444.00"," ₪4,337.24"," ₪4,230.48"," ₪4,123.72"," ₪4,016.96"," ₪3,910.20"," ₪2,966.92"," ₪2,871.22"," ₪2,775.52"," ₪2,679.82"," ₪2,584.12"," ₪2,488.42"," ₪2,392.72"," ₪2,297.02"," ₪2,201.32"," ₪2,105.62"," ₪2,009.92"," ₪1,914.22"," ₪1,818.52"," ₪1,722.82"," ₪1,627.12"," ₪1,531.42"," ₪1,435.72"," ₪1,340.02"
"20","SAMSUNG","Galaxy S26 Ultra","1024"," ₪121.98"," ₪1,505.19"," ₪5,375.67","מעל 5,000 ₪","","01/07/2026",""," ₪5,375.67"," ₪5,253.69"," ₪5,131.71"," ₪5,009.73"," ₪4,887.75"," ₪4,765.77"," ₪3,501.75"," ₪3,390.83"," ₪3,279.91"," ₪3,168.99"," ₪3,058.07"," ₪2,947.15"," ₪2,836.23"," ₪2,725.31"," ₪2,614.39"," ₪2,503.47"," ₪2,392.55"," ₪2,281.63"," ₪2,170.71"," ₪2,059.79"," ₪1,948.87"," ₪1,837.95"," ₪1,727.03"," ₪1,616.11"
"21","SAMSUNG","Galaxy Z Flip 8","256"," ₪98.31"," ₪1,099.49"," ₪3,926.75","עד 5,000 ₪","","19/08/2026",""," ₪3,926.75"," ₪3,828.44"," ₪3,730.13"," ₪3,631.82"," ₪3,533.51"," ₪3,435.20"," ₪2,669.99"," ₪2,582.74"," ₪2,495.49"," ₪2,408.24"," ₪2,320.99"," ₪2,233.74"," ₪2,146.49"," ₪2,059.24"," ₪1,971.99"," ₪1,884.74"," ₪1,797.49"," ₪1,710.24"," ₪1,622.99"," ₪1,535.74"," ₪1,448.49"," ₪1,361.24"," ₪1,273.99"," ₪1,186.74"
"22","SAMSUNG","Galaxy Z Flip 8","512"," ₪110.35"," ₪1,305.99"," ₪4,664.25","עד 5,000 ₪","","19/08/2026",""," ₪4,664.25"," ₪4,553.90"," ₪4,443.55"," ₪4,333.20"," ₪4,222.85"," ₪4,112.50"," ₪3,093.21"," ₪2,993.92"," ₪2,894.63"," ₪2,795.34"," ₪2,696.05"," ₪2,596.76"," ₪2,497.47"," ₪2,398.18"," ₪2,298.89"," ₪2,199.60"," ₪2,100.31"," ₪2,001.02"," ₪1,901.73"," ₪1,802.44"," ₪1,703.15"," ₪1,603.86"," ₪1,504.57"," ₪1,405.28"
"23","SAMSUNG","Galaxy Z Fold 8","256"," ₪131.99"," ₪1,676.99"," ₪5,989.25","מעל 5,000 ₪","","19/08/2026",""," ₪5,989.25"," ₪5,857.26"," ₪5,725.27"," ₪5,593.28"," ₪5,461.29"," ₪5,329.30"," ₪3,853.73"," ₪3,732.80"," ₪3,611.87"," ₪3,490.94"," ₪3,370.01"," ₪3,249.08"," ₪3,128.15"," ₪3,007.22"," ₪2,886.29"," ₪2,765.36"," ₪2,644.43"," ₪2,523.50"," ₪2,402.57"," ₪2,281.64"," ₪2,160.71"," ₪2,039.78"," ₪1,918.85"," ₪1,797.92"
"24","SAMSUNG","Galaxy Z Fold 8","512"," ₪144.45"," ₪1,890.49"," ₪6,751.75","מעל 5,000 ₪","","19/08/2026",""," ₪6,751.75"," ₪6,607.30"," ₪6,462.85"," ₪6,318.40"," ₪6,173.95"," ₪6,029.50"," ₪4,291.51"," ₪4,158.12"," ₪4,024.73"," ₪3,891.34"," ₪3,757.95"," ₪3,624.56"," ₪3,491.17"," ₪3,357.78"," ₪3,224.39"," ₪3,091.00"," ₪2,957.61"," ₪2,824.22"," ₪2,690.83"," ₪2,557.44"," ₪2,424.05"," ₪2,290.66"," ₪2,157.27"," ₪2,023.88"
"25","SAMSUNG","Galaxy Z Fold Ultra 8","256"," ₪145.06"," ₪1,900.99"," ₪6,789.25","מעל 5,000 ₪","","19/08/2026",""," ₪6,789.25"," ₪6,644.19"," ₪6,499.13"," ₪6,354.07"," ₪6,209.01"," ₪6,063.95"," ₪4,312.99"," ₪4,178.99"," ₪4,044.99"," ₪3,910.99"," ₪3,776.99"," ₪3,642.99"," ₪3,508.99"," ₪3,374.99"," ₪3,240.99"," ₪3,106.99"," ₪2,972.99"," ₪2,838.99"," ₪2,704.99"," ₪2,570.99"," ₪2,436.99"," ₪2,302.99"," ₪2,168.99"," ₪2,034.99"
"26","SAMSUNG","Galaxy Z Fold Ultra 8","512"," ₪156.49"," ₪2,096.99"," ₪7,489.25","מעל 5,000 ₪","","19/08/2026",""," ₪7,489.25"," ₪7,332.76"," ₪7,176.27"," ₪7,019.78"," ₪6,863.29"," ₪6,706.80"," ₪4,714.73"," ₪4,569.30"," ₪4,423.87"," ₪4,278.44"," ₪4,133.01"," ₪3,987.58"," ₪3,842.15"," ₪3,696.72"," ₪3,551.29"," ₪3,405.86"," ₪3,260.43"," ₪3,115.00"," ₪2,969.57"," ₪2,824.14"," ₪2,678.71"," ₪2,533.28"," ₪2,387.85"," ₪2,242.42"